Index,AnchorConditions,Coverage,Precision,AnchorOutput,ModelOutput,RealOutput
0,medianEntropy > 2.69,0.2443,0.7936378466557912,1.0,1.0,1.0
1,medianEntropy <= 2.65,0.2512,0.9276807980049875,-1.0,-1.0,-1.0
2,medianEntropy <= 2.68,0.4881,0.8115789473684211,1.0,1.0,1.0
3,medianEntropy > 2.68,0.5021,0.6590241034685479,1.0,1.0,1.0
4,medianEntropy > 2.68,0.4966,0.6635576282478348,1.0,1.0,-1.0
5,medianEntropy <= 2.68,0.4976,0.8002853067047075,1.0,1.0,1.0
6,medianEntropy > 2.68,0.4991,0.6815144766146993,1.0,1.0,1.0
7,medianEntropy <= 2.68,0.4949,0.8019966722129783,1.0,1.0,1.0
8,medianEntropy <= 2.65,0.2456,0.9429824561403509,-1.0,-1.0,-1.0
9,medianEntropy > 2.68,0.5064,0.6652789342214821,1.0,1.0,1.0
10,meanEntropy <= 2.68,0.5034,0.8284371327849589,-1.0,-1.0,1.0
11,meanEntropy <= 2.66,0.2533,0.9534883720930233,-1.0,-1.0,-1.0
12,meanEntropy > 2.69,0.248,0.7874465049928673,1.0,1.0,1.0
13,meanEntropy <= 2.66,0.2534,0.9647577092511013,-1.0,-1.0,-1.0
14,medianEntropy > 2.69,0.2491,0.8063725490196079,1.0,1.0,1.0
15,meanEntropy <= 2.68,0.509,0.8189349112426035,-1.0,-1.0,-1.0
16,medianEntropy > 2.69,0.2515,0.8039950062421972,1.0,1.0,-1.0
17,medianEntropy <= 2.65,0.2547,0.940149625935162,-1.0,-1.0,-1.0
18,medianEntropy <= 2.68,0.4962,0.8207547169811321,-1.0,-1.0,-1.0
19,medianEntropy > 2.68,0.4869,0.6931124673060157,1.0,1.0,1.0
20,medianEntropy > 2.69,0.2435,0.7774750227066304,1.0,1.0,1.0
21,medianEntropy > 2.69,0.2532,0.781354051054384,1.0,1.0,1.0
22,medianEntropy > 2.68,0.501,0.6671790930053805,1.0,1.0,1.0
23,meanEntropy > 2.68,0.5018,0.6561199000832639,1.0,1.0,1.0
24,meanEntropy > 2.69,0.2547,0.7891566265060241,1.0,1.0,-1.0
25,meanEntropy <= 2.66,0.2528,0.9573170731707317,-1.0,-1.0,-1.0
27,meanEntropy <= 2.66,0.2555,0.9476309226932669,-1.0,-1.0,-1.0
28,meanEntropy > 2.68,0.5038,0.6701195219123506,1.0,1.0,1.0
29,medianEntropy > 2.69,0.2561,0.7874465049928673,1.0,1.0,1.0
30,meanEntropy > 2.69,0.2467,0.7780157030692363,1.0,1.0,1.0
31,medianEntropy <= 2.68,0.5033,0.8043297252289758,-1.0,-1.0,-1.0
32,medianEntropy <= 2.68,0.5034,0.80927291886196,1.0,1.0,-1.0
33,meanEntropy <= 2.68,0.5017,0.8013318534961155,-1.0,-1.0,1.0
34,medianEntropy <= 2.65,0.2537,0.9326683291770573,-1.0,-1.0,-1.0
35,medianEntropy > 2.68,0.5035,0.6709470304975923,1.0,1.0,1.0
36,medianEntropy <= 2.65,0.2578,0.942643391521197,-1.0,-1.0,-1.0
37,medianEntropy > 2.69,0.2522,0.7952559300873908,1.0,1.0,1.0
38,medianEntropy <= 2.65,0.259,0.9534883720930233,-1.0,-1.0,-1.0
39,medianEntropy > 2.69,0.2513,0.7901614142966948,1.0,1.0,1.0
40,meanEntropy <= 2.66,0.2469,0.940149625935162,-1.0,-1.0,-1.0
41,medianEntropy > 2.69,0.2601,0.7952047952047953,1.0,1.0,1.0
42,meanEntropy > 2.69,0.2607,0.7693006357856494,1.0,1.0,1.0
43,meanEntropy > 2.68,0.5022,0.6570226196738559,1.0,1.0,1.0
44,meanEntropy > 2.69,0.2454,0.7913429522752498,1.0,1.0,1.0
45,meanEntropy > 2.69,0.245,0.798753339269813,1.0,1.0,1.0
46,medianEntropy > 2.68,0.4983,0.6550612508059317,1.0,1.0,1.0
47,meanEntropy <= 2.66,0.253,0.9251870324189526,-1.0,-1.0,-1.0
48,medianEntropy > 2.69,0.2599,0.784,1.0,1.0,1.0
49,medianEntropy > 2.68,0.5022,0.6482345103264491,1.0,1.0,1.0
50,meanEntropy <= 2.66,0.2519,0.9534883720930233,-1.0,-1.0,-1.0
51,meanEntropy <= 2.66,0.2557,0.96,-1.0,-1.0,-1.0
52,medianEntropy > 2.68,0.4942,0.6708860759493671,1.0,1.0,1.0
53,medianEntropy <= 2.65,0.2468,0.9751243781094527,-1.0,-1.0,-1.0
54,medianEntropy > 2.69,0.2604,0.7917261055634808,1.0,1.0,1.0
55,medianEntropy <= 2.65,0.2522,0.9376558603491272,-1.0,-1.0,-1.0
56,medianEntropy <= 2.68,0.5038,0.8093567251461988,1.0,1.0,1.0
57,meanEntropy > 2.68,0.4993,0.6502057613168725,1.0,1.0,1.0
58,medianEntropy <= 2.65,0.2493,0.9545454545454546,-1.0,-1.0,-1.0
59,meanEntropy <= 2.66,0.2418,0.9422492401215805,-1.0,-1.0,-1.0
60,medianEntropy > 2.69,0.2483,0.7889160554197229,1.0,1.0,1.0
61,medianEntropy > 2.68,0.5053,0.6627810158201499,1.0,1.0,1.0
62,medianEntropy > 2.68,0.4958,0.6562291805463024,1.0,1.0,1.0
63,meanEntropy > 2.69,0.245,0.8057713651498335,1.0,1.0,1.0
64,meanEntropy <= 2.66,0.2605,0.9301745635910225,-1.0,-1.0,-1.0
65,medianEntropy <= 2.65,0.2457,0.9728506787330317,-1.0,-1.0,-1.0
66,medianEntropy > 2.69,0.2521,0.7740324594257179,1.0,1.0,1.0
67,meanEntropy <= 2.68,0.4935,0.818830242510699,1.0,1.0,1.0
68,medianEntropy > 2.68,0.5039,0.659400544959128,1.0,1.0,1.0
69,medianEntropy <= 2.68,0.4978,0.8099173553719008,-1.0,-1.0,-1.0
70,medianEntropy > 2.68,0.5039,0.6536731634182908,1.0,1.0,1.0
71,medianEntropy <= 2.68,0.504,0.8254716981132075,-1.0,-1.0,-1.0
72,meanEntropy <= 2.68,0.5011,0.7892107892107892,-1.0,-1.0,-1.0
73,medianEntropy <= 2.65,0.2457,0.9368770764119602,-1.0,-1.0,-1.0
74,meanEntropy > 2.68,0.5121,0.6704446381865736,1.0,1.0,-1.0
75,medianEntropy > 2.69,0.2509,0.81169757489301,1.0,1.0,1.0
76,medianEntropy <= 2.68,0.5028,0.8380355276907001,-1.0,-1.0,1.0
77,medianEntropy > 2.68,0.5049,0.6641045349730976,1.0,1.0,1.0
78,medianEntropy <= 2.65,0.2485,0.9292452830188679,-1.0,-1.0,-1.0
79,meanEntropy > 2.69,0.2508,0.7872127872127872,1.0,1.0,1.0
80,medianEntropy > 2.69,0.2508,0.7940074906367042,1.0,1.0,1.0
81,meanEntropy > 2.69,0.2482,0.7950377562028047,1.0,1.0,1.0
82,medianEntropy <= 2.68,0.4955,0.8121720881427072,-1.0,-1.0,1.0
83,medianEntropy > 2.69,0.2587,0.7929910350448248,1.0,1.0,1.0
84,medianEntropy > 2.69,0.2492,0.7991120976692564,1.0,1.0,1.0
85,meanEntropy > 2.68,0.5052,0.6981132075471698,1.0,1.0,1.0
86,medianEntropy > 2.68,0.5023,0.659400544959128,1.0,1.0,-1.0
87,meanEntropy <= 2.68,0.5028,0.8268456375838926,1.0,1.0,1.0
88,meanEntropy <= 2.66,0.2529,0.9276807980049875,-1.0,-1.0,-1.0
89,medianEntropy <= 2.65,0.2499,0.9331742243436754,-1.0,-1.0,-1.0
90,medianEntropy <= 2.68,0.4988,0.8274809160305343,-1.0,-1.0,1.0
91,meanEntropy <= 2.68,0.5027,0.8195754716981132,-1.0,-1.0,-1.0
92,medianEntropy <= 2.65,0.2489,0.9301397205588823,-1.0,-1.0,-1.0
93,medianEntropy > 2.68,0.4966,0.6633366633366633,1.0,1.0,1.0
94,meanEntropy <= 2.68,0.4982,0.8143459915611815,1.0,1.0,-1.0
95,medianEntropy <= 2.68,0.5075,0.7902097902097902,-1.0,-1.0,1.0
96,medianEntropy <= 2.65,0.2483,0.9225967540574282,-1.0,-1.0,-1.0
97,medianEntropy > 2.69,0.2466,0.7890070921985816,1.0,1.0,1.0
98,medianEntropy <= 2.68,0.4979,0.8159771754636234,-1.0,-1.0,1.0
99,medianEntropy <= 2.68,0.5005,0.833095577746077,1.0,1.0,1.0
100,medianEntropy > 2.68,0.5027,0.6634615384615384,1.0,1.0,1.0
101,medianEntropy > 2.69,0.2469,0.7920072661217076,1.0,1.0,1.0
102,meanEntropy <= 2.66,0.2474,0.946843853820598,-1.0,-1.0,-1.0
103,medianEntropy <= 2.68,0.503,0.8159831756046267,-1.0,-1.0,-1.0
104,medianEntropy <= 2.68,0.501,0.7905263157894736,1.0,1.0,1.0
105,meanEntropy > 2.68,0.5005,0.6920877025738799,1.0,1.0,1.0
106,meanEntropy <= 2.66,0.2503,0.9447852760736196,-1.0,-1.0,-1.0
107,meanEntropy <= 2.66,0.2467,0.9569230769230769,-1.0,-1.0,-1.0
108,medianEntropy > 2.69,0.2514,0.7991120976692564,1.0,1.0,-1.0
109,medianEntropy <= 2.68,0.5028,0.7982017982017982,-1.0,-1.0,-1.0
110,medianEntropy > 2.69,0.2457,0.8067092651757188,1.0,1.0,1.0
111,meanEntropy > 2.69,0.2472,0.8042704626334519,1.0,1.0,1.0
112,medianEntropy <= 2.65,0.2522,0.9334442595673876,-1.0,-1.0,-1.0
113,medianEntropy <= 2.68,0.5008,0.8157894736842105,1.0,1.0,1.0
114,medianEntropy > 2.69,0.2435,0.784741144414169,1.0,1.0,-1.0
115,medianEntropy <= 2.65,0.246,0.9201995012468828,-1.0,-1.0,-1.0
116,medianEntropy <= 2.65,0.2479,0.9646017699115044,-1.0,-1.0,-1.0
117,meanEntropy <= 2.68,0.5031,0.8057713651498335,1.0,1.0,1.0
118,medianEntropy > 2.69,0.2519,0.7668609492089925,1.0,1.0,1.0
119,medianEntropy <= 2.68,0.5005,0.8253477588871716,-1.0,-1.0,1.0
120,medianEntropy > 2.69,0.2424,0.7893442622950819,1.0,1.0,1.0
121,medianEntropy > 2.68,0.5065,0.6730906495360457,1.0,1.0,1.0
122,meanEntropy > 2.68,0.5043,0.6869037294015612,1.0,1.0,1.0
123,medianEntropy <= 2.65,0.2442,0.9351851851851852,-1.0,-1.0,-1.0
124,medianEntropy <= 2.65,0.2527,0.95,-1.0,-1.0,-1.0
125,medianEntropy <= 2.68,0.4942,0.8325581395348837,-1.0,-1.0,1.0
126,meanEntropy <= 2.68,0.5045,0.8302107728337237,-1.0,-1.0,-1.0
127,medianEntropy <= 2.68,0.4873,0.7974568574023615,1.0,1.0,1.0
128,medianEntropy > 2.69,0.2468,0.7865168539325843,1.0,1.0,1.0
129,meanEntropy <= 2.68,0.4939,0.8018318068276437,-1.0,-1.0,1.0
130,medianEntropy <= 2.65,0.2484,0.9226932668329177,-1.0,-1.0,-1.0
131,medianEntropy > 2.69,0.2488,0.8084848484848485,1.0,1.0,1.0
132,meanEntropy <= 2.68,0.4966,0.8068276436303081,1.0,1.0,1.0
133,meanEntropy <= 2.68,0.5038,0.8201058201058201,-1.0,-1.0,1.0
134,medianEntropy <= 2.68,0.5015,0.8062678062678063,-1.0,-1.0,-1.0
135,meanEntropy > 2.68,0.5044,0.6546623794212219,1.0,1.0,1.0
136,medianEntropy > 2.68,0.4977,0.6832298136645962,1.0,1.0,1.0
137,medianEntropy > 2.69,0.2482,0.8012048192771084,1.0,1.0,1.0
138,meanEntropy > 2.69,0.2501,0.7812187812187812,1.0,1.0,1.0
139,medianEntropy <= 2.65,0.249,0.9449760765550239,-1.0,-1.0,1.0
140,medianEntropy <= 2.65,0.2534,0.9442724458204335,-1.0,-1.0,-1.0
141,medianEntropy <= 2.68,0.4969,0.8174386920980926,-1.0,-1.0,1.0
142,medianEntropy > 2.69,0.2567,0.7932535364526659,1.0,1.0,1.0
144,meanEntropy <= 2.68,0.4936,0.8531746031746031,-1.0,-1.0,1.0
145,meanEntropy > 2.69,0.2396,0.7951020408163265,1.0,1.0,1.0
146,medianEntropy <= 2.65,0.2501,0.9601328903654485,-1.0,-1.0,-1.0
147,meanEntropy <= 2.68,0.5074,1.0,1.0,1.0,1.0
148,medianEntropy <= 2.65,0.2484,0.9276807980049875,-1.0,-1.0,-1.0
149,meanEntropy > 2.69,0.2544,0.7863475177304965,1.0,1.0,1.0
150,medianEntropy <= 2.65,0.2476,0.9444444444444444,-1.0,-1.0,-1.0
151,medianEntropy <= 2.68,0.5021,0.8089887640449438,-1.0,-1.0,-1.0
152,medianEntropy <= 2.65,0.2417,0.9658119658119658,-1.0,-1.0,-1.0
153,medianEntropy > 2.68,0.5061,0.6792604501607717,1.0,1.0,1.0
154,medianEntropy <= 2.68,0.4993,0.8079748163693599,-1.0,-1.0,1.0
155,medianEntropy <= 2.68,0.4938,0.8150134048257373,-1.0,-1.0,1.0
156,medianEntropy <= 2.68,0.4944,0.8503740648379052,-1.0,-1.0,-1.0
157,medianEntropy <= 2.65,0.2479,0.9201995012468828,-1.0,-1.0,-1.0
158,meanEntropy <= 2.66,0.2466,0.9401993355481728,-1.0,-1.0,-1.0
159,meanEntropy <= 2.68,0.4981,0.8114209827357237,1.0,1.0,1.0
160,medianEntropy <= 2.68,0.4961,0.8235294117647058,1.0,1.0,1.0
161,medianEntropy <= 2.65,0.2465,0.9440993788819876,-1.0,-1.0,-1.0
162,meanEntropy <= 2.66,0.2559,0.9650655021834061,-1.0,-1.0,-1.0
163,medianEntropy <= 2.65,0.2509,0.9328703703703703,-1.0,-1.0,-1.0
164,meanEntropy <= 2.68,0.4975,0.8153200419727177,-1.0,-1.0,-1.0
165,meanEntropy > 2.69,0.245,0.7744468236973591,1.0,1.0,1.0
166,medianEntropy <= 2.65,0.2538,0.9476309226932669,-1.0,-1.0,-1.0
167,medianEntropy > 2.68,0.4945,0.655349135169763,1.0,1.0,1.0
168,medianEntropy > 2.69,0.2498,0.805115712545676,1.0,1.0,1.0
169,medianEntropy > 2.68,0.5028,0.6684831970935513,1.0,1.0,1.0
170,meanEntropy <= 2.66,0.2537,0.9181636726546906,-1.0,-1.0,-1.0
171,medianEntropy > 2.69,0.2499,0.8059914407988588,1.0,1.0,1.0
172,meanEntropy <= 2.66,0.2433,0.9401993355481728,-1.0,-1.0,-1.0
173,medianEntropy > 2.68,0.5033,0.6479631053036126,1.0,1.0,1.0
174,meanEntropy > 2.68,0.4992,0.6652542372881356,1.0,1.0,1.0
175,meanEntropy > 2.68,0.5112,0.6663336663336663,1.0,1.0,1.0
176,medianEntropy <= 2.65,0.2465,0.9501661129568106,-1.0,-1.0,-1.0
177,meanEntropy > 2.68,0.499,0.6516773733047823,1.0,1.0,1.0
178,meanEntropy <= 2.66,0.2508,0.9276807980049875,-1.0,-1.0,-1.0
179,meanEntropy > 2.68,0.4982,0.6582278481012658,1.0,1.0,1.0
180,meanEntropy <= 2.66,0.2618,0.9534883720930233,-1.0,-1.0,-1.0
181,medianEntropy > 2.68,0.5072,0.6668517490283176,1.0,1.0,1.0
182,meanEntropy <= 2.66,0.2485,0.9326683291770573,-1.0,-1.0,-1.0
183,medianEntropy > 2.69,0.2548,0.7986447241045499,1.0,1.0,1.0
184,meanEntropy <= 2.68,0.4944,0.8232217573221757,1.0,1.0,-1.0
185,meanEntropy <= 2.68,0.5023,0.8161328588374852,-1.0,-1.0,-1.0
186,medianEntropy <= 2.68,0.507,0.8261538461538461,-1.0,-1.0,-1.0
187,medianEntropy <= 2.65,0.259,0.9467084639498433,-1.0,-1.0,-1.0
188,medianEntropy <= 2.65,0.2486,0.953416149068323,-1.0,-1.0,-1.0
189,medianEntropy <= 2.65,0.2499,0.9480122324159022,-1.0,-1.0,-1.0
190,medianEntropy <= 2.65,0.2513,0.9476309226932669,-1.0,-1.0,1.0
191,medianEntropy <= 2.68,0.4953,0.8273894436519258,-1.0,-1.0,1.0
192,medianEntropy > 2.69,0.2522,0.8081918081918081,1.0,1.0,1.0
193,medianEntropy > 2.69,0.2519,0.7914230019493177,1.0,1.0,1.0
194,medianEntropy <= 2.65,0.2511,0.9376558603491272,-1.0,-1.0,-1.0
195,medianEntropy <= 2.68,0.4922,0.8248175182481752,1.0,1.0,-1.0
196,medianEntropy <= 2.68,0.5014,0.8041958041958042,-1.0,-1.0,1.0
197,medianEntropy > 2.69,0.2465,0.7898832684824902,1.0,1.0,1.0
198,meanEntropy > 2.68,0.4953,0.6607858861267041,1.0,1.0,-1.0
199,medianEntropy > 2.69,0.2499,0.7790948275862069,1.0,1.0,1.0
200,meanEntropy <= 2.66,0.2492,0.9409937888198758,-1.0,-1.0,-1.0
201,meanEntropy <= 2.68,0.5125,0.8373751783166904,-1.0,-1.0,-1.0
202,meanEntropy > 2.69,0.2478,0.8144078144078144,1.0,1.0,1.0
203,medianEntropy <= 2.65,0.2464,0.950920245398773,-1.0,-1.0,-1.0
204,meanEntropy <= 2.68,0.501,0.8254963427377221,-1.0,-1.0,-1.0
205,medianEntropy > 2.68,0.4973,0.6522038567493113,1.0,1.0,1.0
206,medianEntropy > 2.68,0.5119,0.6614615865084322,1.0,1.0,1.0
207,meanEntropy > 2.68,0.4942,0.6688938381588716,1.0,1.0,1.0
208,meanEntropy > 2.68,0.5002,0.6423982869379015,1.0,1.0,-1.0
209,medianEntropy <= 2.65,0.2506,0.942643391521197,-1.0,-1.0,-1.0
210,medianEntropy <= 2.65,0.2454,0.9386503067484663,-1.0,-1.0,-1.0
211,medianEntropy > 2.69,0.2535,0.7931526390870185,1.0,1.0,1.0
212,meanEntropy <= 2.66,0.2492,0.9559471365638766,-1.0,-1.0,-1.0
213,meanEntropy <= 2.69,0.7347,0.6006739679865206,1.0,1.0,1.0
214,medianEntropy <= 2.65,0.2533,0.940149625935162,-1.0,-1.0,-1.0
215,meanEntropy <= 2.66,0.2512,0.9388379204892966,-1.0,-1.0,-1.0
216,medianEntropy > 2.69,0.25,0.7812187812187812,1.0,1.0,1.0
217,medianEntropy > 2.69,0.2493,0.8159340659340659,1.0,1.0,-1.0
218,medianEntropy > 2.68,0.5006,0.672627235213205,1.0,1.0,1.0
219,medianEntropy <= 2.65,0.2463,0.9388379204892966,-1.0,-1.0,-1.0
220,medianEntropy > 2.69,0.2565,0.7913429522752498,1.0,1.0,1.0
221,medianEntropy > 2.69,0.2475,0.8089887640449438,1.0,1.0,1.0
222,meanEntropy > 2.69,0.2477,0.7824639289678136,1.0,1.0,1.0
223,medianEntropy <= 2.68,0.4919,0.812375249500998,1.0,1.0,1.0
224,medianEntropy > 2.69,0.252,0.7926829268292683,1.0,1.0,-1.0
225,meanEntropy <= 2.68,0.5105,0.802441731409545,-1.0,-1.0,-1.0
226,medianEntropy > 2.68,0.4982,0.6587887740029542,1.0,1.0,1.0
227,medianEntropy > 2.68,0.4993,0.6768826619964974,1.0,1.0,-1.0
228,meanEntropy <= 2.68,0.5006,0.8088445078459344,1.0,1.0,-1.0
229,medianEntropy <= 2.65,0.2528,0.9335548172757475,-1.0,-1.0,-1.0
231,medianEntropy > 2.69,0.2445,0.7966252220248667,1.0,1.0,1.0
232,medianEntropy <= 2.68,0.4991,0.8021978021978022,-1.0,-1.0,1.0
233,medianEntropy <= 2.65,0.2524,0.9136212624584718,-1.0,-1.0,-1.0
234,meanEntropy <= 2.66,0.2454,0.9647577092511013,-1.0,-1.0,1.0
235,meanEntropy > 2.69,0.2488,0.7913175932977913,1.0,1.0,1.0
236,medianEntropy > 2.68,0.4994,0.6602613374327441,1.0,1.0,1.0
237,medianEntropy > 2.68,0.5072,0.6769358867610324,1.0,1.0,1.0
238,medianEntropy > 2.69,0.2481,0.8051948051948052,1.0,1.0,1.0
239,meanEntropy > 2.69,0.2536,0.7820408163265307,1.0,1.0,1.0
240,medianEntropy <= 2.68,0.503,0.8127340823970037,1.0,1.0,1.0
241,meanEntropy <= 2.68,0.4986,0.8077403245942572,-1.0,-1.0,-1.0
242,meanEntropy > 2.69,0.2444,0.8077403245942572,1.0,1.0,1.0
243,meanEntropy <= 2.68,0.4939,0.8165887850467289,-1.0,-1.0,-1.0
244,medianEntropy > 2.68,0.4961,0.6653346653346653,1.0,1.0,1.0
245,medianEntropy <= 2.68,0.488,0.8018318068276437,1.0,1.0,1.0
246,medianEntropy <= 2.68,0.4994,0.8198103266596417,-1.0,-1.0,-1.0
247,medianEntropy > 2.69,0.2464,0.7826552462526767,1.0,1.0,1.0
248,meanEntropy > 2.68,0.506,0.6577139287945034,1.0,1.0,1.0
249,medianEntropy <= 2.65,0.2475,0.940149625935162,-1.0,-1.0,-1.0
250,medianEntropy <= 2.68,0.5096,0.8288159771754636,-1.0,-1.0,1.0
251,meanEntropy > 2.69,0.2459,0.7902097902097902,1.0,1.0,1.0
252,meanEntropy > 2.69,0.2469,0.7792207792207793,1.0,1.0,1.0
253,meanEntropy <= 2.66,0.2522,0.9534883720930233,-1.0,-1.0,-1.0
254,medianEntropy > 2.69,0.2428,0.7943722943722944,1.0,1.0,1.0
255,meanEntropy > 2.69,0.2534,0.7975133214920072,1.0,1.0,1.0
257,meanEntropy > 2.68,0.5025,0.6363636363636364,1.0,1.0,1.0
258,medianEntropy <= 2.65,0.2598,0.9376558603491272,-1.0,-1.0,-1.0
259,medianEntropy > 2.68,0.492,0.6827643630308077,1.0,1.0,1.0
260,medianEntropy > 2.69,0.2532,0.784121320249777,1.0,1.0,1.0
261,meanEntropy > 2.69,0.2513,0.7934782608695652,1.0,1.0,1.0
262,meanEntropy > 2.68,0.4972,0.642238507661559,1.0,1.0,-1.0
263,medianEntropy > 2.69,0.2442,0.7927590511860175,1.0,1.0,1.0
264,meanEntropy > 2.68,0.4999,0.6615969581749049,1.0,1.0,1.0
265,meanEntropy > 2.68,0.4916,0.6664584634603373,1.0,1.0,1.0
266,medianEntropy <= 2.68,0.4987,0.8417945690672963,-1.0,-1.0,-1.0
267,medianEntropy > 2.68,0.4971,0.6947094535993061,1.0,1.0,1.0
268,medianEntropy > 2.69,0.2597,0.7926727726894255,1.0,1.0,1.0
269,meanEntropy > 2.68,0.5003,0.6413874191651969,1.0,1.0,-1.0
270,meanEntropy <= 2.66,0.2534,0.9274809160305344,-1.0,-1.0,-1.0
271,medianEntropy > 2.69,0.2533,0.7921623512946117,1.0,1.0,1.0
272,medianEntropy > 2.68,0.508,0.6602265156562291,1.0,1.0,1.0
273,meanEntropy > 2.68,0.5028,0.6521739130434783,1.0,1.0,1.0
274,meanEntropy <= 2.68,0.4981,0.7988614800759013,-1.0,-1.0,1.0
275,medianEntropy > 2.68,0.4964,0.6459758022093635,1.0,1.0,1.0
276,meanEntropy > 2.69,0.24,0.8174037089871612,1.0,1.0,1.0
277,medianEntropy <= 2.65,0.2534,0.9537037037037037,-1.0,-1.0,-1.0
278,medianEntropy <= 2.65,0.2438,0.9301745635910225,-1.0,-1.0,-1.0
279,medianEntropy <= 2.65,0.2467,0.940149625935162,-1.0,-1.0,-1.0
280,medianEntropy <= 2.68,0.5002,0.816374269005848,-1.0,-1.0,-1.0
281,medianEntropy > 2.68,0.4992,0.6663336663336663,1.0,1.0,1.0
282,medianEntropy <= 2.68,0.5047,0.8021978021978022,-1.0,-1.0,-1.0
283,meanEntropy > 2.68,0.501,0.6823697359029265,1.0,1.0,-1.0
284,meanEntropy > 2.68,0.5039,0.6477935054121565,1.0,1.0,-1.0
285,medianEntropy > 2.68,0.4983,0.6846499678869621,1.0,1.0,1.0
286,medianEntropy <= 2.68,0.5032,0.8145506419400856,1.0,1.0,-1.0
287,medianEntropy > 2.68,0.5018,0.6681146828844483,1.0,1.0,1.0
288,medianEntropy <= 2.65,0.2449,0.9384615384615385,-1.0,-1.0,-1.0
289,medianEntropy <= 2.65,0.2493,0.9326683291770573,-1.0,-1.0,-1.0
290,meanEntropy > 2.68,0.5064,0.671280276816609,1.0,1.0,1.0
291,medianEntropy > 2.68,0.5005,0.6723625557206538,1.0,1.0,-1.0
292,medianEntropy > 2.68,0.5034,0.6837121212121212,1.0,1.0,-1.0
293,medianEntropy > 2.69,0.248,0.7794432548179872,1.0,1.0,1.0
294,meanEntropy <= 2.66,0.2543,0.9280742459396751,-1.0,-1.0,-1.0
295,medianEntropy > 2.69,0.2519,0.7737330478229836,1.0,1.0,1.0
296,meanEntropy <= 2.66,0.2529,0.9403341288782816,-1.0,-1.0,-1.0
297,meanEntropy > 2.69,0.2498,0.8079800498753117,1.0,1.0,1.0
298,meanEntropy > 2.69,0.2477,0.7948717948717948,1.0,1.0,1.0
299,meanEntropy > 2.68,0.4936,0.6661721068249258,1.0,1.0,1.0
300,medianEntropy <= 2.65,0.2453,0.9407582938388626,-1.0,-1.0,-1.0
301,meanEntropy > 2.68,0.4832,0.6482627320323655,1.0,1.0,1.0
302,meanEntropy <= 2.68,0.5041,0.8263795423956931,-1.0,-1.0,-1.0
303,medianEntropy > 2.69,0.2534,0.8329177057356608,1.0,1.0,1.0
304,medianEntropy <= 2.68,0.4886,0.8121878121878122,-1.0,-1.0,-1.0
305,meanEntropy > 2.69,0.2452,0.7983651226158038,1.0,1.0,1.0
306,medianEntropy > 2.68,0.4956,0.6794564348521183,1.0,1.0,1.0
307,medianEntropy <= 2.68,0.4939,0.8045649072753209,-1.0,-1.0,1.0
308,meanEntropy > 2.69,0.2442,0.8013698630136986,1.0,1.0,1.0
309,medianEntropy <= 2.65,0.2527,0.9297423887587822,-1.0,-1.0,-1.0
310,meanEntropy <= 2.68,0.4988,0.8324396782841823,1.0,1.0,1.0
311,meanEntropy > 2.69,0.2501,0.8057713651498335,1.0,1.0,1.0
312,medianEntropy <= 2.68,0.4935,0.8106508875739645,-1.0,-1.0,-1.0
313,meanEntropy <= 2.66,0.2558,0.9552238805970149,-1.0,-1.0,-1.0
314,medianEntropy <= 2.68,0.508,0.8065395095367848,-1.0,-1.0,-1.0
315,medianEntropy <= 2.68,0.4991,0.8298153034300791,-1.0,-1.0,-1.0
316,medianEntropy > 2.68,0.4992,0.6877502001601281,1.0,1.0,1.0
317,medianEntropy <= 2.65,0.2521,0.9401993355481728,-1.0,-1.0,-1.0
318,medianEntropy <= 2.69,0.7462,0.6114942528735632,1.0,1.0,1.0
319,medianEntropy <= 2.65,0.2453,0.9281437125748503,-1.0,-1.0,-1.0
320,meanEntropy <= 2.68,0.5056,0.8049353701527615,-1.0,-1.0,1.0
321,meanEntropy > 2.68,0.5017,0.6613386613386614,1.0,1.0,1.0
322,medianEntropy > 2.69,0.2572,0.7973137973137974,1.0,1.0,1.0
323,meanEntropy <= 2.68,0.4993,0.8226299694189603,-1.0,-1.0,1.0
324,medianEntropy <= 2.68,0.5006,0.8239700374531835,-1.0,-1.0,-1.0
325,meanEntropy > 2.68,0.4934,0.6664369400413508,1.0,1.0,1.0
326,meanEntropy > 2.68,0.4971,0.6639600249843848,1.0,1.0,1.0
327,medianEntropy > 2.69,0.2473,0.7720254314259763,1.0,1.0,1.0
328,medianEntropy <= 2.65,0.2502,0.9409937888198758,-1.0,-1.0,-1.0
329,medianEntropy <= 2.68,0.5018,0.8236842105263158,-1.0,-1.0,-1.0
330,medianEntropy <= 2.68,0.5063,0.8089887640449438,1.0,1.0,-1.0
331,medianEntropy <= 2.65,0.2431,0.9454545454545454,-1.0,-1.0,-1.0
332,meanEntropy > 2.68,0.5048,0.6570370370370371,1.0,1.0,1.0
333,medianEntropy > 2.69,0.2524,0.7998228520814881,1.0,1.0,1.0
334,medianEntropy > 2.69,0.2438,0.8,1.0,1.0,-1.0
335,medianEntropy <= 2.65,0.2546,0.9598214285714286,-1.0,-1.0,-1.0
336,medianEntropy <= 2.68,0.4981,0.8168449197860963,-1.0,-1.0,-1.0
337,medianEntropy > 2.68,0.4949,0.6619354838709678,1.0,1.0,1.0
338,medianEntropy <= 2.65,0.2464,0.9476309226932669,-1.0,-1.0,-1.0
339,meanEntropy > 2.68,0.4881,0.6579554189085319,1.0,1.0,1.0
340,medianEntropy > 2.69,0.2557,0.8014981273408239,1.0,1.0,1.0
341,meanEntropy <= 2.68,0.4941,0.7881656804733728,1.0,1.0,1.0
342,medianEntropy > 2.69,0.2513,0.8069835111542192,1.0,1.0,1.0
343,meanEntropy > 2.68,0.5042,0.6874458874458874,1.0,1.0,1.0
344,meanEntropy > 2.68,0.4935,0.6507495835646863,1.0,1.0,1.0
345,medianEntropy <= 2.65,0.2507,0.9186602870813397,-1.0,-1.0,-1.0
346,meanEntropy > 2.69,0.2456,0.8033012379642366,1.0,1.0,1.0
347,medianEntropy > 2.69,0.2476,0.7852684144818977,1.0,1.0,1.0
348,medianEntropy <= 2.68,0.4959,0.8063028439661799,1.0,1.0,1.0
349,meanEntropy > 2.69,0.2518,0.7922077922077922,1.0,1.0,1.0
350,meanEntropy > 2.69,0.2553,0.7915106117353309,1.0,1.0,1.0
351,medianEntropy <= 2.68,0.4958,0.7988587731811697,1.0,1.0,1.0
352,medianEntropy > 2.69,0.2421,0.7972027972027972,1.0,1.0,1.0
353,medianEntropy > 2.68,0.4897,0.6827279466271312,1.0,1.0,1.0
354,medianEntropy > 2.68,0.5071,0.6501943364797335,1.0,1.0,1.0
355,medianEntropy > 2.68,0.4955,0.6834910620399579,1.0,1.0,1.0
356,medianEntropy > 2.68,0.502,0.6674057649667405,1.0,1.0,-1.0
357,medianEntropy <= 2.65,0.2438,0.9301745635910225,-1.0,-1.0,-1.0
358,medianEntropy > 2.68,0.5012,0.6563020544142143,1.0,1.0,1.0
359,meanEntropy <= 2.68,0.5009,0.8064918851435705,1.0,1.0,1.0
360,medianEntropy > 2.69,0.2541,0.8138528138528138,1.0,1.0,1.0
361,medianEntropy > 2.68,0.4966,0.647854203409759,1.0,1.0,1.0
362,medianEntropy <= 2.65,0.2437,0.9294117647058824,-1.0,-1.0,-1.0
363,medianEntropy > 2.69,0.2446,0.7869034406215316,1.0,1.0,1.0
365,medianEntropy <= 2.68,0.4976,0.8379204892966361,-1.0,-1.0,1.0
366,medianEntropy <= 2.68,0.5024,0.8309859154929577,1.0,1.0,1.0
367,medianEntropy <= 2.68,0.4981,0.815622161671208,1.0,1.0,1.0
368,medianEntropy <= 2.68,0.4925,0.8203592814371258,-1.0,-1.0,-1.0
369,medianEntropy > 2.69,0.2426,0.7692307692307693,1.0,1.0,1.0
370,meanEntropy <= 2.66,0.2515,0.9177057356608479,-1.0,-1.0,-1.0
371,meanEntropy <= 2.66,0.2485,0.941358024691358,-1.0,-1.0,-1.0
372,medianEntropy > 2.69,0.2515,0.7874659400544959,1.0,1.0,1.0
373,meanEntropy > 2.68,0.5061,0.671022290545734,1.0,1.0,1.0
374,medianEntropy <= 2.68,0.4894,0.8619631901840491,-1.0,-1.0,1.0
376,medianEntropy <= 2.65,0.2476,0.9341692789968652,-1.0,-1.0,-1.0
377,medianEntropy <= 2.65,0.2482,0.9364705882352942,-1.0,-1.0,-1.0
379,meanEntropy > 2.68,0.5,0.6666666666666666,1.0,1.0,1.0
380,medianEntropy > 2.68,0.5044,0.652546406473108,1.0,1.0,1.0
381,medianEntropy > 2.69,0.25,0.7915851272015656,1.0,1.0,1.0
382,medianEntropy > 2.69,0.2412,0.7884427032321254,1.0,1.0,1.0
383,medianEntropy <= 2.65,0.25,0.9276807980049875,-1.0,-1.0,-1.0
384,medianEntropy <= 2.69,0.7519,0.5945140131186643,1.0,1.0,1.0
385,medianEntropy > 2.68,0.5011,0.695993031358885,1.0,1.0,1.0
386,medianEntropy > 2.68,0.4982,0.6610299769408148,1.0,1.0,1.0
387,medianEntropy > 2.68,0.4967,0.6648168701442841,1.0,1.0,1.0
388,medianEntropy <= 2.68,0.4974,0.8001998001998002,-1.0,-1.0,-1.0
389,meanEntropy > 2.69,0.2443,0.7902621722846442,1.0,1.0,1.0
390,medianEntropy > 2.69,0.2521,0.7902097902097902,1.0,1.0,1.0
391,medianEntropy > 2.69,0.2447,0.7922077922077922,1.0,1.0,1.0
392,medianEntropy <= 2.65,0.2537,0.9261477045908184,-1.0,-1.0,-1.0
393,medianEntropy <= 2.68,0.508,0.805702217529039,1.0,1.0,1.0
394,medianEntropy <= 2.68,0.4952,0.8361408882082695,-1.0,-1.0,1.0
395,medianEntropy <= 2.65,0.2433,0.9255725190839694,-1.0,-1.0,-1.0
396,medianEntropy <= 2.65,0.2515,0.9510703363914373,-1.0,-1.0,-1.0
397,meanEntropy > 2.69,0.2448,0.7844311377245509,1.0,1.0,-1.0
398,meanEntropy <= 2.68,0.4899,0.82063305978898,-1.0,-1.0,1.0
399,medianEntropy > 2.69,0.2537,0.7868453105968332,1.0,1.0,1.0
400,medianEntropy <= 2.65,0.2524,0.9226932668329177,-1.0,-1.0,-1.0
401,meanEntropy <= 2.66,0.246,0.9215406562054208,-1.0,-1.0,-1.0
402,medianEntropy <= 2.65,0.2609,0.9503105590062112,-1.0,-1.0,-1.0
403,medianEntropy > 2.68,0.5041,0.6461769115442278,1.0,1.0,1.0
404,medianEntropy <= 2.65,0.2521,0.9510703363914373,-1.0,-1.0,-1.0
405,medianEntropy <= 2.68,0.4918,0.8127208480565371,-1.0,-1.0,-1.0
406,meanEntropy > 2.68,0.4973,0.6508994003997335,1.0,1.0,1.0
407,meanEntropy > 2.69,0.2475,0.7990291262135922,1.0,1.0,1.0
408,medianEntropy > 2.69,0.2521,0.7827715355805244,1.0,1.0,-1.0
409,meanEntropy > 2.68,0.4966,0.6767502160760588,1.0,1.0,1.0
410,medianEntropy > 2.69,0.2425,0.8243512974051896,1.0,1.0,1.0
411,medianEntropy <= 2.65,0.2497,0.9701492537313433,-1.0,-1.0,-1.0
412,meanEntropy > 2.68,0.4961,0.6712,1.0,1.0,1.0
413,medianEntropy > 2.69,0.2487,0.7720465890183028,1.0,1.0,1.0
414,meanEntropy > 2.68,0.5042,0.6416791604197901,1.0,1.0,1.0
415,meanEntropy <= 2.66,0.2523,0.9734513274336283,-1.0,-1.0,-1.0
416,meanEntropy > 2.69,0.2459,0.7965043695380774,1.0,1.0,1.0
417,medianEntropy <= 2.65,0.2493,0.9501661129568106,-1.0,-1.0,-1.0
418,meanEntropy <= 2.68,0.5087,0.8273894436519258,-1.0,-1.0,-1.0
419,medianEntropy <= 2.68,0.5119,1.0,1.0,1.0,1.0
420,medianEntropy <= 2.65,0.2515,0.9534883720930233,-1.0,-1.0,-1.0
421,medianEntropy <= 2.65,0.2465,0.9361702127659575,-1.0,-1.0,-1.0
422,medianEntropy > 2.68,0.4999,0.6456771614192903,1.0,1.0,1.0
423,meanEntropy <= 2.68,0.4915,0.8259629101283881,-1.0,-1.0,-1.0
424,meanEntropy > 2.68,0.5022,0.6575840145322435,1.0,1.0,1.0
425,meanEntropy > 2.69,0.2513,0.7828014184397163,1.0,1.0,1.0
426,meanEntropy > 2.68,0.502,0.6557468073292615,1.0,1.0,1.0
427,meanEntropy > 2.69,0.2493,0.779134295227525,1.0,1.0,-1.0
428,medianEntropy > 2.68,0.5035,0.6438716465018411,1.0,1.0,1.0
429,meanEntropy <= 2.68,0.4931,0.8194070080862533,1.0,1.0,1.0
430,medianEntropy > 2.69,0.2511,0.8013318534961155,1.0,1.0,1.0
431,medianEntropy <= 2.65,0.2462,0.9504643962848297,-1.0,-1.0,-1.0
432,meanEntropy > 2.68,0.5002,0.6507177033492823,1.0,1.0,1.0
433,medianEntropy > 2.69,0.2486,0.7842157842157842,1.0,1.0,1.0
434,medianEntropy <= 2.65,0.2526,0.9601328903654485,-1.0,-1.0,-1.0
435,medianEntropy > 2.69,0.2529,0.8273894436519258,1.0,1.0,1.0
436,medianEntropy <= 2.65,0.2557,0.9301745635910225,-1.0,-1.0,1.0
437,medianEntropy > 2.69,0.2463,0.7842157842157842,1.0,1.0,1.0
438,meanEntropy <= 2.66,0.2547,0.9470404984423676,-1.0,-1.0,-1.0
439,medianEntropy > 2.69,0.2491,0.8012718600953895,1.0,1.0,1.0
440,meanEntropy <= 2.68,0.4972,0.8097251585623678,-1.0,-1.0,1.0
441,medianEntropy <= 2.65,0.2516,0.9423076923076923,-1.0,-1.0,-1.0
442,medianEntropy <= 2.65,0.249,0.9382716049382716,-1.0,-1.0,1.0
443,medianEntropy <= 2.68,0.507,0.8071278825995807,-1.0,-1.0,-1.0
444,meanEntropy > 2.69,0.2513,0.797752808988764,1.0,1.0,1.0
445,medianEntropy > 2.69,0.2441,0.8047229791099001,1.0,1.0,1.0
446,meanEntropy > 2.69,0.2467,0.7915106117353309,1.0,1.0,1.0
447,medianEntropy <= 2.65,0.2542,0.940149625935162,-1.0,-1.0,1.0
448,meanEntropy <= 2.68,0.497,0.8154205607476636,-1.0,-1.0,-1.0
449,meanEntropy > 2.68,0.499,0.6637450199203188,1.0,1.0,1.0
450,medianEntropy <= 2.68,0.5018,1.0,1.0,1.0,1.0
451,medianEntropy <= 2.68,0.501,0.831946755407654,1.0,1.0,1.0
452,meanEntropy > 2.68,0.4991,0.6695536309127248,1.0,1.0,1.0
453,medianEntropy <= 2.68,0.4955,0.8344370860927153,1.0,1.0,1.0
454,meanEntropy <= 2.66,0.2512,0.9301745635910225,-1.0,-1.0,-1.0
455,medianEntropy <= 2.65,0.2578,0.942643391521197,-1.0,-1.0,-1.0
456,medianEntropy <= 2.65,0.2458,0.9528301886792453,-1.0,-1.0,-1.0
457,medianEntropy > 2.68,0.5018,0.668609492089925,1.0,1.0,1.0
458,medianEntropy > 2.69,0.2578,0.8035516093229744,1.0,1.0,1.0
459,meanEntropy > 2.68,0.4915,0.6730769230769231,1.0,1.0,-1.0
460,medianEntropy <= 2.65,0.2477,0.9301745635910225,-1.0,-1.0,-1.0
461,medianEntropy <= 2.65,0.2467,0.9351620947630923,-1.0,-1.0,-1.0
462,medianEntropy > 2.69,0.255,0.7966804979253111,1.0,1.0,1.0
463,medianEntropy <= 2.68,0.4999,0.8089887640449438,1.0,1.0,1.0
464,medianEntropy > 2.68,0.4993,0.6701277955271565,1.0,1.0,1.0
465,medianEntropy <= 2.65,0.2427,0.9317647058823529,-1.0,-1.0,-1.0
466,meanEntropy <= 2.68,0.5017,0.8161838161838162,-1.0,-1.0,1.0
467,meanEntropy > 2.68,0.5006,0.6661341853035144,1.0,1.0,1.0
468,meanEntropy > 2.69,0.2553,0.7891231964483907,1.0,1.0,1.0
469,meanEntropy <= 2.68,0.5024,0.8206650831353919,-1.0,-1.0,1.0
470,medianEntropy <= 2.68,0.5083,0.8304172274562585,-1.0,-1.0,-1.0
471,medianEntropy <= 2.65,0.2461,0.9276807980049875,-1.0,-1.0,-1.0
472,medianEntropy > 2.69,0.2473,0.790722761596548,1.0,1.0,1.0
473,medianEntropy <= 2.68,0.4972,0.8245363766048502,-1.0,-1.0,-1.0
474,medianEntropy <= 2.65,0.2459,0.930379746835443,-1.0,-1.0,-1.0
475,medianEntropy <= 2.65,0.2482,0.946843853820598,-1.0,-1.0,1.0
476,medianEntropy > 2.69,0.2531,0.782016348773842,1.0,1.0,1.0
477,medianEntropy <= 2.65,0.2484,0.9422492401215805,-1.0,-1.0,-1.0
478,meanEntropy > 2.68,0.492,0.6721162579473207,1.0,1.0,1.0
479,medianEntropy <= 2.68,0.5024,0.7951706910907577,1.0,1.0,1.0
480,meanEntropy <= 2.66,0.2523,0.942643391521197,-1.0,-1.0,-1.0
481,medianEntropy > 2.68,0.4928,0.6682554814108675,1.0,1.0,1.0
482,medianEntropy <= 2.68,0.5,0.8409356725146199,1.0,1.0,-1.0
483,medianEntropy <= 2.65,0.2516,0.9368770764119602,-1.0,-1.0,-1.0
484,medianEntropy <= 2.68,0.4864,0.8079911209766926,-1.0,-1.0,-1.0
485,medianEntropy > 2.69,0.2532,0.7911344853493614,1.0,1.0,1.0
486,medianEntropy <= 2.68,0.4961,0.8046218487394958,1.0,1.0,-1.0
487,medianEntropy <= 2.68,0.5042,0.8204225352112676,-1.0,-1.0,1.0
488,meanEntropy > 2.68,0.4975,0.64281956864808,1.0,1.0,1.0
489,medianEntropy > 2.69,0.2437,0.7968923418423973,1.0,1.0,1.0
490,meanEntropy > 2.69,0.2498,0.7857142857142857,1.0,1.0,1.0
491,medianEntropy <= 2.68,0.5062,0.8043893129770993,-1.0,-1.0,-1.0
492,medianEntropy <= 2.68,0.5021,0.7935540069686411,-1.0,-1.0,-1.0
493,medianEntropy <= 2.65,0.2541,0.936127744510978,-1.0,-1.0,1.0
494,medianEntropy > 2.68,0.5017,0.6592427616926503,1.0,1.0,-1.0
495,meanEntropy <= 2.66,0.2478,0.946843853820598,-1.0,-1.0,-1.0
496,medianEntropy <= 2.68,0.5043,0.8221052631578948,-1.0,-1.0,-1.0
497,medianEntropy > 2.69,0.2509,0.79004329004329,1.0,1.0,1.0
498,medianEntropy <= 2.68,0.5046,0.8110979929161747,-1.0,-1.0,1.0
499,meanEntropy > 2.69,0.2505,0.7974559686888454,1.0,1.0,1.0
500,medianEntropy > 2.69,0.2539,0.7988587731811697,1.0,1.0,1.0
501,medianEntropy > 2.69,0.2466,0.7890137328339576,1.0,1.0,1.0
502,meanEntropy <= 2.68,0.4932,0.8262599469496021,1.0,1.0,1.0
503,medianEntropy <= 2.68,0.4998,0.8189252336448598,-1.0,-1.0,1.0
504,medianEntropy <= 2.68,0.5032,0.8074179743223966,1.0,1.0,1.0
505,medianEntropy > 2.69,0.2446,0.7940074906367042,1.0,1.0,1.0
506,meanEntropy > 2.68,0.495,0.6480654761904762,1.0,1.0,1.0
507,medianEntropy > 2.69,0.2559,0.8223844282238443,1.0,1.0,-1.0
508,medianEntropy <= 2.68,0.5113,0.8174386920980926,-1.0,-1.0,1.0
509,medianEntropy > 2.69,0.2511,0.7922077922077922,1.0,1.0,1.0
510,medianEntropy <= 2.65,0.2511,0.9435215946843853,-1.0,-1.0,-1.0
511,medianEntropy <= 2.65,0.2493,0.9382716049382716,-1.0,-1.0,-1.0
512,medianEntropy <= 2.68,0.4968,0.8084112149532711,1.0,1.0,1.0
513,meanEntropy > 2.68,0.4965,0.6406473108043789,1.0,1.0,1.0
514,medianEntropy <= 2.68,0.4999,0.8169717138103162,-1.0,-1.0,-1.0
515,medianEntropy <= 2.65,0.2467,0.9439252336448598,-1.0,-1.0,-1.0
516,medianEntropy <= 2.68,0.4986,0.8131720430107527,-1.0,-1.0,1.0
517,meanEntropy > 2.69,0.2435,0.7874396135265701,1.0,1.0,1.0
518,medianEntropy <= 2.68,0.4959,0.8132205995388163,-1.0,-1.0,1.0
519,meanEntropy > 2.69,0.2501,0.7818181818181819,1.0,1.0,1.0
520,medianEntropy <= 2.65,0.2562,0.9326683291770573,-1.0,-1.0,-1.0
521,medianEntropy <= 2.68,0.5025,0.8291925465838509,1.0,1.0,-1.0
522,medianEntropy <= 2.68,0.499,0.8290076335877863,-1.0,-1.0,1.0
523,medianEntropy > 2.68,0.4937,0.6511240632805995,1.0,1.0,1.0
524,medianEntropy > 2.68,0.4998,0.6669856459330143,1.0,1.0,1.0
525,medianEntropy <= 2.65,0.2488,0.9326683291770573,-1.0,-1.0,-1.0
526,medianEntropy <= 2.68,0.506,0.8330341113105925,-1.0,-1.0,-1.0
527,meanEntropy <= 2.68,0.4997,0.8153200419727177,-1.0,-1.0,-1.0
528,medianEntropy <= 2.65,0.2517,0.9357798165137615,-1.0,-1.0,-1.0
529,meanEntropy <= 2.66,0.2441,0.9341317365269461,-1.0,-1.0,-1.0
530,medianEntropy > 2.69,0.2486,0.7795698924731183,1.0,1.0,1.0
531,medianEntropy <= 2.65,0.2531,0.9452887537993921,-1.0,-1.0,-1.0
532,medianEntropy <= 2.65,0.2472,0.9326683291770573,-1.0,-1.0,-1.0
533,medianEntropy > 2.68,0.4941,0.6402569593147751,1.0,1.0,-1.0
534,medianEntropy <= 2.68,0.5013,0.8503740648379052,-1.0,-1.0,1.0
535,meanEntropy <= 2.68,0.4967,0.8325471698113207,1.0,1.0,1.0
536,medianEntropy > 2.69,0.2476,0.7920673076923077,1.0,1.0,1.0
537,medianEntropy > 2.68,0.496,0.6703821656050956,1.0,1.0,1.0
538,medianEntropy > 2.69,0.2564,0.7967741935483871,1.0,1.0,1.0
539,medianEntropy > 2.69,0.2508,0.7935627081021087,1.0,1.0,1.0
540,medianEntropy <= 2.68,0.5023,0.8059914407988588,-1.0,-1.0,1.0
541,medianEntropy <= 2.68,0.5014,0.804661487236404,-1.0,-1.0,-1.0
542,medianEntropy > 2.69,0.2515,0.7965043695380774,1.0,1.0,1.0
543,meanEntropy > 2.68,0.4875,0.6567164179104478,1.0,1.0,1.0
544,medianEntropy > 2.69,0.2465,0.8236272878535774,1.0,1.0,1.0
545,medianEntropy > 2.69,0.2565,0.787621359223301,1.0,1.0,1.0
546,medianEntropy <= 2.65,0.2502,0.948170731707317,-1.0,-1.0,-1.0
547,meanEntropy <= 2.66,0.2475,0.942643391521197,-1.0,-1.0,-1.0
548,meanEntropy <= 2.68,0.5012,0.7922912205567452,-1.0,-1.0,-1.0
549,medianEntropy > 2.69,0.253,0.8077403245942572,1.0,1.0,1.0
550,meanEntropy <= 2.68,0.4971,0.7960033305578684,-1.0,-1.0,1.0
551,meanEntropy <= 2.68,0.4891,0.807556080283353,1.0,1.0,-1.0
552,medianEntropy > 2.68,0.5053,0.6655562958027982,1.0,1.0,1.0
553,medianEntropy > 2.69,0.244,0.7856494096276113,1.0,1.0,1.0
554,medianEntropy > 2.68,0.5087,0.6673582295988935,1.0,1.0,1.0
555,medianEntropy > 2.68,0.5039,0.6622222222222223,1.0,1.0,1.0
556,medianEntropy <= 2.68,0.5121,0.779134295227525,-1.0,-1.0,1.0
557,medianEntropy > 2.68,0.4979,0.6808,1.0,1.0,1.0
558,medianEntropy > 2.69,0.2522,0.8017492711370262,1.0,1.0,1.0
559,medianEntropy <= 2.68,0.4917,0.8180737217598097,-1.0,-1.0,1.0
560,medianEntropy <= 2.68,0.5021,0.8039969254419678,-1.0,-1.0,-1.0
561,medianEntropy > 2.69,0.2533,0.7860199714693296,1.0,1.0,1.0
562,meanEntropy > 2.68,0.5056,0.6709367493995196,1.0,1.0,1.0
563,meanEntropy <= 2.68,0.5051,0.8214731585518102,-1.0,-1.0,1.0
564,medianEntropy > 2.69,0.2466,0.8031383737517832,1.0,1.0,1.0
565,medianEntropy <= 2.68,0.5002,0.7952559300873908,-1.0,-1.0,1.0
566,medianEntropy > 2.68,0.4918,0.6702536510376633,1.0,1.0,1.0
567,meanEntropy <= 2.66,0.2433,0.9441117764471058,-1.0,-1.0,-1.0
568,medianEntropy > 2.69,0.2557,0.7892215568862275,1.0,1.0,1.0
569,medianEntropy > 2.68,0.4966,0.6653322658126501,1.0,1.0,1.0
570,medianEntropy <= 2.68,0.5052,0.8245614035087719,-1.0,-1.0,1.0
571,meanEntropy > 2.68,0.5065,0.6460905349794238,1.0,1.0,1.0
572,medianEntropy > 2.69,0.254,0.7859495060373216,1.0,1.0,1.0
573,meanEntropy > 2.68,0.4992,0.6501749125437282,1.0,1.0,1.0
574,meanEntropy > 2.68,0.5022,0.6759457530335474,1.0,1.0,-1.0
575,medianEntropy <= 2.68,0.5024,0.8284714119019837,1.0,1.0,1.0
576,meanEntropy <= 2.68,0.5033,0.8177278401997503,-1.0,-1.0,1.0
577,medianEntropy > 2.69,0.2557,0.8112294288480155,1.0,1.0,1.0
578,medianEntropy > 2.68,0.5004,0.686641697877653,1.0,1.0,1.0
579,medianEntropy > 2.69,0.2477,0.784019975031211,1.0,1.0,1.0
580,meanEntropy > 2.69,0.251,0.7412587412587412,1.0,1.0,1.0
581,medianEntropy <= 2.65,0.2502,0.942643391521197,-1.0,-1.0,-1.0
582,medianEntropy <= 2.65,0.2467,0.95,-1.0,-1.0,-1.0
583,medianEntropy > 2.69,0.2493,0.7890137328339576,1.0,1.0,1.0
584,medianEntropy <= 2.65,0.2517,0.9301745635910225,-1.0,-1.0,-1.0
585,meanEntropy <= 2.66,0.2397,0.9451371571072319,-1.0,-1.0,-1.0
586,medianEntropy > 2.69,0.2481,0.7802746566791511,1.0,1.0,1.0
587,medianEntropy <= 2.68,0.5026,0.8202567760342369,-1.0,-1.0,1.0
588,meanEntropy > 2.68,0.5062,0.6566757493188011,1.0,1.0,1.0
589,medianEntropy > 2.69,0.2454,0.792520035618878,1.0,1.0,1.0
590,medianEntropy > 2.69,0.2523,0.7860199714693296,1.0,1.0,-1.0
591,meanEntropy <= 2.66,0.2577,0.9435215946843853,-1.0,-1.0,-1.0
592,meanEntropy > 2.69,0.2524,0.8163672654690619,1.0,1.0,1.0
593,medianEntropy > 2.68,0.4993,0.6730245231607629,1.0,1.0,1.0
594,medianEntropy <= 2.65,0.2481,0.9326683291770573,-1.0,-1.0,-1.0
595,meanEntropy > 2.69,0.252,0.7974683544303798,1.0,1.0,1.0
596,meanEntropy > 2.68,0.504,0.6702355460385439,1.0,1.0,1.0
597,meanEntropy <= 2.68,0.5062,0.7880085653104925,-1.0,-1.0,-1.0
598,medianEntropy > 2.68,0.499,0.6501590186278964,1.0,1.0,1.0
599,meanEntropy <= 2.66,0.2489,0.9110070257611241,-1.0,-1.0,-1.0
600,medianEntropy > 2.69,0.2482,0.7929155313351499,1.0,1.0,1.0
601,medianEntropy > 2.69,0.2493,0.7941495124593716,1.0,1.0,1.0
602,meanEntropy > 2.69,0.2386,0.8085519922254616,1.0,1.0,1.0
603,medianEntropy <= 2.65,0.248,0.946843853820598,-1.0,-1.0,-1.0
604,medianEntropy <= 2.65,0.2444,0.942643391521197,-1.0,-1.0,-1.0
605,medianEntropy <= 2.65,0.2494,0.9534883720930233,-1.0,-1.0,-1.0
606,medianEntropy > 2.68,0.5097,0.6813793103448276,1.0,1.0,1.0
607,meanEntropy > 2.68,0.5029,0.6577851790174855,1.0,1.0,1.0
608,medianEntropy <= 2.65,0.2579,0.9435215946843853,-1.0,-1.0,-1.0
609,meanEntropy > 2.68,0.5015,0.6611157368859284,1.0,1.0,1.0
610,medianEntropy <= 2.68,0.4895,0.8138056312443234,-1.0,-1.0,1.0
611,medianEntropy > 2.68,0.5,0.6839788732394366,1.0,1.0,1.0
612,meanEntropy <= 2.66,0.2542,0.9478527607361963,-1.0,-1.0,-1.0
613,medianEntropy <= 2.68,0.504,0.7908636688079943,1.0,1.0,-1.0
614,meanEntropy > 2.69,0.2532,0.7829246139872843,1.0,1.0,1.0
615,medianEntropy <= 2.65,0.2547,0.9251870324189526,-1.0,-1.0,-1.0
617,medianEntropy > 2.69,0.2467,0.8014981273408239,1.0,1.0,1.0
618,meanEntropy > 2.69,0.2574,0.7928888888888889,1.0,1.0,1.0
619,medianEntropy <= 2.69,0.7509,0.5737704918032787,1.0,1.0,1.0
620,medianEntropy > 2.68,0.498,0.6541574687270052,1.0,1.0,1.0
621,medianEntropy > 2.68,0.4924,0.6684027777777778,1.0,1.0,-1.0
622,meanEntropy <= 2.68,0.5025,0.8343313373253493,1.0,1.0,1.0
623,medianEntropy <= 2.69,0.7503,0.5808639771510175,1.0,1.0,-1.0
624,meanEntropy > 2.68,0.4961,0.6518063028439662,1.0,1.0,-1.0
625,medianEntropy > 2.69,0.255,0.7963105303612605,1.0,1.0,1.0
626,medianEntropy > 2.69,0.2429,0.7815230961298377,1.0,1.0,1.0
627,meanEntropy <= 2.66,0.241,0.9321357285429142,-1.0,-1.0,-1.0
628,medianEntropy > 2.68,0.4981,0.673721340388007,1.0,1.0,1.0
629,medianEntropy <= 2.68,0.4913,0.8157602663706992,-1.0,-1.0,1.0
630,medianEntropy > 2.69,0.254,0.8066759388038943,1.0,1.0,1.0
631,medianEntropy <= 2.65,0.2583,0.9301745635910225,-1.0,-1.0,-1.0
633,medianEntropy > 2.68,0.4967,0.6738044254104212,1.0,1.0,1.0
634,medianEntropy <= 2.68,0.4965,0.8251748251748252,1.0,1.0,1.0
635,meanEntropy > 2.69,0.2556,0.7889009793253536,1.0,1.0,1.0
636,meanEntropy > 2.69,0.2573,0.7774140752864157,1.0,1.0,1.0
637,medianEntropy <= 2.65,0.2622,0.9251870324189526,-1.0,-1.0,-1.0
638,medianEntropy > 2.68,0.4952,0.670299727520436,1.0,1.0,1.0
639,meanEntropy > 2.68,0.4991,0.6510376633358954,1.0,1.0,1.0
640,medianEntropy <= 2.65,0.2573,0.9446153846153846,-1.0,-1.0,-1.0
642,medianEntropy <= 2.65,0.2505,0.9701492537313433,-1.0,-1.0,-1.0
643,meanEntropy > 2.69,0.2512,0.7992744860943168,1.0,1.0,1.0
644,medianEntropy > 2.68,0.4997,0.6623263888888888,1.0,1.0,1.0
645,medianEntropy > 2.68,0.496,0.6803196803196803,1.0,1.0,-1.0
646,meanEntropy <= 2.66,0.2472,0.945619335347432,-1.0,-1.0,-1.0
647,meanEntropy > 2.68,0.5009,0.6466784244562023,1.0,1.0,1.0
648,medianEntropy > 2.69,0.2558,0.7986314760508308,1.0,1.0,1.0
649,medianEntropy <= 2.65,0.2512,0.946843853820598,-1.0,-1.0,-1.0
650,medianEntropy <= 2.65,0.2443,0.9435215946843853,-1.0,-1.0,-1.0
651,medianEntropy <= 2.68,0.4989,0.8194607268464243,-1.0,-1.0,1.0
652,meanEntropy > 2.68,0.5022,0.6430885529157667,1.0,1.0,1.0
653,medianEntropy > 2.68,0.4997,0.6643151087595532,1.0,1.0,1.0
654,medianEntropy > 2.68,0.5052,0.6810146041506533,1.0,1.0,1.0
655,meanEntropy <= 2.68,0.5016,0.7926727726894255,-1.0,-1.0,-1.0
656,medianEntropy <= 2.68,0.503,0.8079911209766926,-1.0,-1.0,-1.0
657,medianEntropy > 2.69,0.2512,0.7957181088314005,1.0,1.0,1.0
658,medianEntropy <= 2.65,0.2477,0.9351620947630923,-1.0,-1.0,-1.0
659,meanEntropy > 2.68,0.5015,0.6789168278529981,1.0,1.0,1.0
660,medianEntropy > 2.69,0.2526,0.7709454265949269,1.0,1.0,1.0
661,medianEntropy > 2.68,0.5056,0.665209244222361,1.0,1.0,1.0
662,medianEntropy <= 2.68,0.499,0.8201997780244173,1.0,1.0,1.0
663,meanEntropy <= 2.66,0.25,0.9451371571072319,-1.0,-1.0,-1.0
664,meanEntropy > 2.69,0.2484,0.7994157740993184,1.0,1.0,1.0
665,meanEntropy <= 2.66,0.2451,0.9376558603491272,-1.0,-1.0,1.0
666,meanEntropy <= 2.68,0.4984,0.8315301391035549,-1.0,-1.0,1.0
667,medianEntropy <= 2.65,0.2432,0.9376558603491272,-1.0,-1.0,-1.0
668,medianEntropy <= 2.65,0.2503,0.942643391521197,-1.0,-1.0,-1.0
669,medianEntropy <= 2.68,0.4968,0.8126561199000832,-1.0,-1.0,-1.0
670,meanEntropy > 2.68,0.5043,0.6487317448116833,1.0,1.0,1.0
671,meanEntropy <= 2.68,0.5006,0.8001665278934221,-1.0,-1.0,1.0
672,meanEntropy > 2.68,0.5055,0.6464258262874711,1.0,1.0,1.0
673,medianEntropy <= 2.68,0.4993,0.8105820105820106,-1.0,-1.0,-1.0
674,medianEntropy > 2.68,0.5017,0.643112062812277,1.0,1.0,1.0
675,meanEntropy > 2.69,0.2541,0.7882117882117882,1.0,1.0,1.0
676,medianEntropy <= 2.68,0.4914,0.8310291858678955,1.0,1.0,-1.0
677,meanEntropy <= 2.66,0.2482,0.9326683291770573,-1.0,-1.0,-1.0
678,medianEntropy <= 2.69,0.7535,0.5826128722382324,1.0,1.0,1.0
679,medianEntropy <= 2.68,0.5004,0.8074477747502271,-1.0,-1.0,1.0
680,medianEntropy <= 2.65,0.2535,0.9388379204892966,-1.0,-1.0,-1.0
681,medianEntropy <= 2.65,0.2534,0.9355828220858896,-1.0,-1.0,-1.0
682,meanEntropy > 2.68,0.5051,0.6464258262874711,1.0,1.0,1.0
683,meanEntropy > 2.69,0.2523,0.8021978021978022,1.0,1.0,1.0
684,medianEntropy > 2.68,0.504,0.6502498215560314,1.0,1.0,1.0
685,medianEntropy > 2.69,0.2497,0.787765293383271,1.0,1.0,-1.0
686,medianEntropy > 2.68,0.4904,0.655433287482806,1.0,1.0,1.0
687,medianEntropy > 2.68,0.4952,0.6848484848484848,1.0,1.0,1.0
688,medianEntropy > 2.69,0.255,0.790886899918633,1.0,1.0,1.0
689,medianEntropy <= 2.65,0.2455,0.9351620947630923,-1.0,-1.0,-1.0
691,medianEntropy > 2.69,0.2531,0.7812187812187812,1.0,1.0,1.0
692,medianEntropy <= 2.65,0.2511,0.9369158878504673,-1.0,-1.0,-1.0
693,medianEntropy <= 2.65,0.2594,0.9592760180995475,-1.0,-1.0,-1.0
694,medianEntropy > 2.68,0.4953,0.6513486513486514,1.0,1.0,1.0
695,meanEntropy > 2.69,0.2467,0.7904015670910872,1.0,1.0,1.0
696,medianEntropy > 2.69,0.2574,0.7792207792207793,1.0,1.0,1.0
697,medianEntropy > 2.69,0.2434,0.7910990009082652,1.0,1.0,1.0
698,medianEntropy > 2.69,0.2498,0.8059914407988588,1.0,1.0,1.0
699,medianEntropy > 2.68,0.5023,0.6693914623069936,1.0,1.0,-1.0
700,meanEntropy > 2.68,0.5018,0.6936842105263158,1.0,1.0,1.0
701,medianEntropy > 2.69,0.2511,0.7882562277580071,1.0,1.0,1.0
702,medianEntropy > 2.68,0.5088,0.681635926222935,1.0,1.0,1.0
703,medianEntropy > 2.69,0.2504,0.7802197802197802,1.0,1.0,1.0
704,medianEntropy <= 2.68,0.5037,0.8389513108614233,-1.0,-1.0,-1.0
705,meanEntropy > 2.68,0.4932,0.6895238095238095,1.0,1.0,1.0
706,medianEntropy > 2.68,0.4952,0.6730906495360457,1.0,1.0,1.0
707,medianEntropy > 2.69,0.2501,0.8021295474711624,1.0,1.0,1.0
708,medianEntropy <= 2.68,0.497,0.8079911209766926,-1.0,-1.0,-1.0
709,medianEntropy <= 2.65,0.2518,0.9559748427672956,-1.0,-1.0,-1.0
710,medianEntropy <= 2.68,0.4976,0.7964071856287425,1.0,1.0,1.0
711,medianEntropy > 2.69,0.2483,0.7758046614872364,1.0,1.0,1.0
712,medianEntropy <= 2.65,0.2427,0.9386503067484663,-1.0,-1.0,-1.0
713,medianEntropy > 2.69,0.2536,0.8186356073211315,1.0,1.0,1.0
714,meanEntropy > 2.69,0.2411,0.8164794007490637,1.0,1.0,1.0
715,medianEntropy > 2.69,0.2602,0.8083832335329342,1.0,1.0,1.0
716,medianEntropy <= 2.65,0.2502,0.9355828220858896,-1.0,-1.0,-1.0
717,medianEntropy <= 2.68,0.5,0.8063583815028902,-1.0,-1.0,1.0
718,medianEntropy > 2.69,0.2469,0.7827715355805244,1.0,1.0,1.0
719,meanEntropy > 2.69,0.2459,0.7916986933128363,1.0,1.0,1.0
720,medianEntropy > 2.68,0.4984,0.6669123065585851,1.0,1.0,1.0
721,medianEntropy > 2.69,0.2505,0.810379241516966,1.0,1.0,1.0
722,medianEntropy > 2.69,0.2524,0.7860199714693296,1.0,1.0,1.0
723,meanEntropy <= 2.66,0.2542,0.9376558603491272,-1.0,-1.0,-1.0
724,medianEntropy <= 2.65,0.2504,0.9351620947630923,-1.0,-1.0,-1.0
725,medianEntropy > 2.69,0.2519,0.791380999020568,1.0,1.0,1.0
726,medianEntropy > 2.68,0.5082,0.6608527131782945,1.0,1.0,1.0
727,medianEntropy <= 2.68,0.4937,0.8052434456928839,-1.0,-1.0,-1.0
728,medianEntropy <= 2.65,0.2476,0.9501661129568106,-1.0,-1.0,-1.0
729,meanEntropy > 2.68,0.498,0.6491862567811935,1.0,1.0,1.0
730,meanEntropy > 2.69,0.2507,0.7914645974781765,1.0,1.0,1.0
731,medianEntropy > 2.69,0.2557,0.8043478260869565,1.0,1.0,1.0
732,medianEntropy > 2.68,0.4978,0.6837416481069042,1.0,1.0,-1.0
733,medianEntropy > 2.69,0.2548,0.7939262472885033,1.0,1.0,1.0
734,medianEntropy > 2.68,0.4931,0.6671974522292994,1.0,1.0,1.0
735,medianEntropy > 2.69,0.2598,0.788961038961039,1.0,1.0,1.0
736,meanEntropy > 2.68,0.5004,0.6551168412570507,1.0,1.0,1.0
737,meanEntropy > 2.68,0.4942,0.6765722183828611,1.0,1.0,1.0
738,meanEntropy <= 2.66,0.2415,0.930952380952381,-1.0,-1.0,-1.0
739,medianEntropy <= 2.69,0.7502,0.5810079133694294,1.0,1.0,1.0
740,medianEntropy > 2.68,0.4916,0.6602316602316602,1.0,1.0,1.0
741,medianEntropy <= 2.65,0.2482,0.9363636363636364,-1.0,-1.0,-1.0
742,medianEntropy <= 2.68,0.4986,0.7982017982017982,-1.0,-1.0,-1.0
743,medianEntropy > 2.68,0.4984,0.6895652173913044,1.0,1.0,1.0
744,medianEntropy <= 2.65,0.2466,0.9339622641509434,-1.0,-1.0,-1.0
745,meanEntropy <= 2.66,0.2474,0.9326683291770573,-1.0,-1.0,-1.0
746,medianEntropy <= 2.65,0.2495,0.9276807980049875,-1.0,-1.0,-1.0
747,medianEntropy > 2.68,0.4973,0.6716224951519069,1.0,1.0,1.0
748,medianEntropy > 2.68,0.5117,0.6533628972653363,1.0,1.0,-1.0
749,medianEntropy <= 2.65,0.2525,0.9732142857142857,-1.0,-1.0,1.0
750,meanEntropy <= 2.66,0.2468,0.9439252336448598,-1.0,-1.0,-1.0
751,medianEntropy <= 2.65,0.2493,0.9276807980049875,-1.0,-1.0,1.0
752,meanEntropy <= 2.66,0.2535,0.9375,-1.0,-1.0,-1.0
753,medianEntropy > 2.69,0.2572,0.7772227772227772,1.0,1.0,1.0
754,meanEntropy > 2.68,0.5064,0.6717909300538047,1.0,1.0,1.0
755,meanEntropy > 2.68,0.4998,0.6669565217391304,1.0,1.0,1.0
756,medianEntropy <= 2.68,0.4982,0.8428761651131824,-1.0,-1.0,1.0
757,medianEntropy <= 2.65,0.2586,0.9442724458204335,-1.0,-1.0,-1.0
758,medianEntropy > 2.69,0.2484,0.7788873038516405,1.0,1.0,1.0
759,medianEntropy <= 2.68,0.4958,0.843501326259947,-1.0,-1.0,-1.0
760,medianEntropy > 2.69,0.2514,0.7702089009990918,1.0,1.0,1.0
761,meanEntropy <= 2.66,0.2465,0.9435215946843853,-1.0,-1.0,-1.0
762,medianEntropy <= 2.68,0.5094,0.8202995008319468,-1.0,-1.0,-1.0
763,medianEntropy > 2.68,0.4946,0.65860400829302,1.0,1.0,1.0
764,meanEntropy <= 2.68,0.503,0.846307385229541,-1.0,-1.0,-1.0
765,medianEntropy > 2.68,0.4963,0.6611157368859284,1.0,1.0,1.0
766,medianEntropy > 2.68,0.4877,0.6669865642994242,1.0,1.0,1.0
767,meanEntropy > 2.69,0.2531,0.7907662082514735,1.0,1.0,1.0
768,medianEntropy <= 2.65,0.2459,0.9598214285714286,-1.0,-1.0,-1.0
769,meanEntropy > 2.69,0.2485,0.7853658536585366,1.0,1.0,1.0
770,meanEntropy <= 2.68,0.5007,0.7846836847946725,1.0,1.0,1.0
771,medianEntropy > 2.69,0.2486,0.8073593073593074,1.0,1.0,1.0
772,medianEntropy <= 2.65,0.2578,0.9691629955947136,-1.0,-1.0,-1.0
773,medianEntropy <= 2.65,0.2462,0.9435215946843853,-1.0,-1.0,-1.0
774,medianEntropy > 2.69,0.2451,0.8098039215686275,1.0,1.0,1.0
775,medianEntropy <= 2.69,0.7538,0.5933384972889233,1.0,1.0,-1.0
776,meanEntropy > 2.68,0.5007,0.6619483763530392,1.0,1.0,1.0
777,medianEntropy > 2.69,0.2554,0.7913429522752498,1.0,1.0,1.0
778,medianEntropy <= 2.68,0.5053,0.8101898101898102,-1.0,-1.0,1.0
779,medianEntropy > 2.68,0.4975,0.6768820786142572,1.0,1.0,1.0
780,medianEntropy <= 2.65,0.256,0.9535603715170279,-1.0,-1.0,-1.0
781,medianEntropy <= 2.68,0.5039,0.8008565310492506,-1.0,-1.0,-1.0
782,medianEntropy <= 2.65,0.2548,0.9546827794561934,-1.0,-1.0,-1.0
783,medianEntropy > 2.69,0.2476,0.8036605657237936,1.0,1.0,1.0
784,medianEntropy <= 2.68,0.5035,0.8428927680798005,1.0,1.0,-1.0
785,medianEntropy <= 2.65,0.255,0.942643391521197,-1.0,-1.0,-1.0
786,meanEntropy > 2.68,0.504,0.6840301576422207,1.0,1.0,1.0
787,medianEntropy <= 2.65,0.2503,0.9351620947630923,-1.0,-1.0,-1.0
788,meanEntropy <= 2.68,0.4987,0.8141176470588235,-1.0,-1.0,1.0
789,meanEntropy > 2.68,0.5033,0.6536219816819318,1.0,1.0,1.0
790,medianEntropy > 2.69,0.2535,0.7973333333333333,1.0,1.0,1.0
791,medianEntropy <= 2.68,0.5121,0.8215962441314554,-1.0,-1.0,-1.0
792,medianEntropy <= 2.65,0.2495,0.9152119700748129,-1.0,-1.0,-1.0
793,medianEntropy <= 2.68,0.5097,0.7927590511860175,1.0,1.0,1.0
794,meanEntropy > 2.69,0.2519,0.766541822721598,1.0,1.0,1.0
795,meanEntropy > 2.68,0.4936,0.7129506008010681,1.0,1.0,1.0
796,medianEntropy > 2.68,0.5033,0.6471764117941029,1.0,1.0,1.0
797,medianEntropy <= 2.68,0.4966,0.807994289793005,-1.0,-1.0,1.0
798,medianEntropy > 2.68,0.4955,0.6702747710241466,1.0,1.0,1.0
799,meanEntropy > 2.68,0.5033,0.6619483763530392,1.0,1.0,1.0
801,medianEntropy <= 2.68,0.4974,0.8202567760342369,1.0,1.0,1.0
802,medianEntropy > 2.69,0.2556,0.8057901085645356,1.0,1.0,-1.0
803,meanEntropy <= 2.66,0.2478,0.9435215946843853,-1.0,-1.0,-1.0
804,medianEntropy > 2.69,0.249,0.7852684144818977,1.0,1.0,1.0
805,medianEntropy > 2.69,0.2498,0.7795698924731183,1.0,1.0,1.0
807,meanEntropy <= 2.66,0.2527,0.9384615384615385,-1.0,-1.0,-1.0
808,medianEntropy > 2.69,0.2563,0.7857142857142857,1.0,1.0,1.0
809,medianEntropy <= 2.68,0.5017,0.8181818181818182,-1.0,-1.0,-1.0
810,medianEntropy <= 2.68,0.4913,0.8024809160305344,-1.0,-1.0,-1.0
811,medianEntropy <= 2.68,0.5019,0.8191808191808192,-1.0,-1.0,-1.0
812,meanEntropy > 2.68,0.4985,0.6473947180585297,1.0,1.0,1.0
813,meanEntropy > 2.69,0.2464,0.7891231964483907,1.0,1.0,1.0
814,medianEntropy > 2.69,0.2478,0.7856494096276113,1.0,1.0,-1.0
815,medianEntropy <= 2.68,0.5016,0.8171160609613131,-1.0,-1.0,-1.0
816,medianEntropy > 2.69,0.2472,0.7932067932067932,1.0,1.0,1.0
817,medianEntropy > 2.69,0.2542,0.7828418230563002,1.0,1.0,1.0
818,medianEntropy > 2.69,0.2498,0.7884615384615384,1.0,1.0,1.0
819,medianEntropy > 2.69,0.2513,0.800332778702163,1.0,1.0,1.0
820,meanEntropy > 2.69,0.2566,0.7769145394006659,1.0,1.0,1.0
821,meanEntropy > 2.68,0.5046,0.6463076068850638,1.0,1.0,1.0
822,medianEntropy <= 2.65,0.2491,0.9339622641509434,-1.0,-1.0,-1.0
823,medianEntropy > 2.68,0.5113,0.671455938697318,1.0,1.0,1.0
824,medianEntropy <= 2.68,0.5086,0.8171428571428572,1.0,1.0,1.0
825,medianEntropy > 2.68,0.4959,0.6708860759493671,1.0,1.0,-1.0
826,meanEntropy <= 2.66,0.2498,0.9401197604790419,-1.0,-1.0,-1.0
827,medianEntropy <= 2.68,0.505,0.8168701442841287,-1.0,-1.0,1.0
828,meanEntropy > 2.68,0.4945,0.6661341853035144,1.0,1.0,1.0
829,meanEntropy <= 2.68,0.4985,0.7957824639289678,-1.0,-1.0,-1.0
830,medianEntropy > 2.68,0.4984,0.6666666666666666,1.0,1.0,1.0
831,medianEntropy > 2.68,0.4955,0.6482345103264491,1.0,1.0,1.0
832,medianEntropy > 2.69,0.2549,0.8080194410692588,1.0,1.0,1.0
833,meanEntropy > 2.68,0.4964,0.6507936507936508,1.0,1.0,1.0
834,medianEntropy > 2.69,0.2547,0.7882117882117882,1.0,1.0,1.0
835,medianEntropy <= 2.65,0.2517,0.9576059850374065,-1.0,-1.0,-1.0
836,medianEntropy <= 2.65,0.2459,0.9226932668329177,-1.0,-1.0,-1.0
837,medianEntropy > 2.69,0.245,0.8309178743961353,1.0,1.0,1.0
838,medianEntropy > 2.68,0.4961,0.6753150481838399,1.0,1.0,1.0
839,meanEntropy <= 2.68,0.5068,0.84,-1.0,-1.0,1.0
840,medianEntropy <= 2.65,0.2557,0.9301745635910225,-1.0,-1.0,-1.0
841,medianEntropy > 2.69,0.2515,0.7948260481712757,1.0,1.0,1.0
842,medianEntropy > 2.68,0.5061,0.6717032967032966,1.0,1.0,1.0
843,medianEntropy > 2.69,0.2545,0.8045356371490281,1.0,1.0,1.0
844,meanEntropy > 2.68,0.5013,0.6407551360355358,1.0,1.0,1.0
845,medianEntropy <= 2.68,0.4945,0.8351648351648352,-1.0,-1.0,1.0
846,medianEntropy <= 2.68,0.4981,0.8603945371775418,-1.0,-1.0,1.0
847,medianEntropy > 2.69,0.2534,0.8031383737517832,1.0,1.0,1.0
848,medianEntropy <= 2.68,0.4953,0.7965043695380774,-1.0,-1.0,-1.0
849,meanEntropy <= 2.68,0.5043,0.8068276436303081,-1.0,-1.0,1.0
850,medianEntropy <= 2.65,0.2505,0.940149625935162,-1.0,-1.0,-1.0
851,meanEntropy <= 2.66,0.2508,0.9321357285429142,-1.0,-1.0,-1.0
852,medianEntropy <= 2.68,0.4999,0.8342245989304813,-1.0,-1.0,-1.0
853,meanEntropy <= 2.68,0.4986,0.8022705771050141,-1.0,-1.0,-1.0
854,meanEntropy > 2.69,0.2444,0.818830242510699,1.0,1.0,1.0
855,medianEntropy <= 2.65,0.2505,0.9173076923076923,-1.0,-1.0,-1.0
856,medianEntropy > 2.68,0.4992,0.6556495003843198,1.0,1.0,1.0
857,meanEntropy > 2.69,0.2521,0.7955846279640229,1.0,1.0,1.0
858,medianEntropy > 2.68,0.4974,0.6403596403596403,1.0,1.0,1.0
859,medianEntropy <= 2.65,0.2468,0.9314420803782506,-1.0,-1.0,-1.0
860,meanEntropy <= 2.66,0.2536,0.9335548172757475,-1.0,-1.0,-1.0
861,medianEntropy > 2.68,0.4999,0.6759388038942976,1.0,1.0,-1.0
862,meanEntropy <= 2.66,0.2463,0.9351620947630923,-1.0,-1.0,-1.0
863,medianEntropy > 2.69,0.2557,0.8171912832929782,1.0,1.0,1.0
864,medianEntropy <= 2.69,0.7524,0.5810748736793753,1.0,1.0,1.0
865,meanEntropy <= 2.66,0.2476,0.9422492401215805,-1.0,-1.0,-1.0
866,meanEntropy <= 2.68,0.4981,1.0,1.0,1.0,1.0
867,medianEntropy <= 2.68,0.4978,0.8064918851435705,-1.0,-1.0,1.0
868,medianEntropy > 2.69,0.2491,0.7762008733624454,1.0,1.0,1.0
869,medianEntropy <= 2.68,0.5014,0.8228187919463087,-1.0,-1.0,-1.0
872,medianEntropy <= 2.68,0.5039,0.8124156545209177,-1.0,-1.0,-1.0
873,medianEntropy > 2.69,0.25,0.7942057942057942,1.0,1.0,1.0
874,medianEntropy <= 2.68,0.5043,0.8014981273408239,-1.0,-1.0,1.0
875,meanEntropy > 2.69,0.2513,0.7822384428223844,1.0,1.0,1.0
876,medianEntropy <= 2.68,0.5082,0.8089887640449438,-1.0,-1.0,-1.0
877,meanEntropy > 2.68,0.5072,0.6633366633366633,1.0,1.0,1.0
878,medianEntropy > 2.69,0.2532,0.7943722943722944,1.0,1.0,1.0
879,medianEntropy <= 2.68,0.4996,0.8352941176470589,-1.0,-1.0,1.0
880,medianEntropy <= 2.68,0.4997,0.8185654008438819,-1.0,-1.0,-1.0
881,medianEntropy > 2.69,0.2548,0.7788873038516405,1.0,1.0,1.0
882,medianEntropy <= 2.68,0.4947,0.8214731585518102,-1.0,-1.0,-1.0
883,medianEntropy > 2.68,0.5006,0.6637450199203188,1.0,1.0,1.0
884,meanEntropy > 2.68,0.4983,0.6723646723646723,1.0,1.0,1.0
885,medianEntropy <= 2.65,0.2517,0.9395770392749244,-1.0,-1.0,1.0
886,medianEntropy <= 2.68,0.492,0.8247048138056312,1.0,1.0,1.0
887,medianEntropy > 2.69,0.2501,0.8063872255489022,1.0,1.0,1.0
888,medianEntropy <= 2.65,0.2409,0.9435215946843853,-1.0,-1.0,-1.0
889,meanEntropy > 2.68,0.4953,0.6637250348351138,1.0,1.0,1.0
890,meanEntropy > 2.68,0.4969,0.6549184639663335,1.0,1.0,-1.0
891,meanEntropy > 2.69,0.2468,0.7811080835603996,1.0,1.0,1.0
892,meanEntropy <= 2.68,0.5048,0.8115789473684211,-1.0,-1.0,1.0
893,medianEntropy <= 2.65,0.2498,0.9439252336448598,-1.0,-1.0,-1.0
894,medianEntropy <= 2.65,0.2532,0.9375,-1.0,-1.0,-1.0
895,medianEntropy > 2.68,0.5008,0.6834319526627219,1.0,1.0,1.0
896,medianEntropy > 2.68,0.4903,0.6527170518425984,1.0,1.0,1.0
897,medianEntropy <= 2.68,0.5071,0.8011988011988012,-1.0,-1.0,1.0
898,medianEntropy > 2.69,0.2467,0.7839805825242718,1.0,1.0,1.0
899,meanEntropy <= 2.68,0.4992,0.8362779740871613,1.0,1.0,-1.0
900,medianEntropy > 2.68,0.4969,0.6686798964624676,1.0,1.0,1.0
901,medianEntropy > 2.69,0.2523,0.8064918851435705,1.0,1.0,1.0
902,medianEntropy <= 2.68,0.5074,0.8386243386243386,-1.0,-1.0,-1.0
903,medianEntropy <= 2.68,0.4899,0.8558421851289834,-1.0,-1.0,1.0
904,meanEntropy > 2.68,0.5008,0.6754807692307693,1.0,1.0,1.0
905,meanEntropy > 2.68,0.4999,0.6618257261410788,1.0,1.0,1.0
906,medianEntropy > 2.68,0.4892,0.6748971193415638,1.0,1.0,-1.0
907,medianEntropy > 2.68,0.503,0.6709367493995196,1.0,1.0,1.0
908,meanEntropy > 2.68,0.5017,0.6754807692307693,1.0,1.0,1.0
909,meanEntropy <= 2.68,0.5008,0.8172185430463577,-1.0,-1.0,-1.0
910,medianEntropy > 2.68,0.5005,0.6661742983751846,1.0,1.0,1.0
911,medianEntropy <= 2.65,0.2493,0.937125748502994,-1.0,-1.0,-1.0
912,meanEntropy > 2.69,0.2503,0.7869034406215316,1.0,1.0,1.0
913,medianEntropy <= 2.65,0.2637,0.9774774774774775,-1.0,-1.0,-1.0
914,medianEntropy <= 2.68,0.4961,0.8186582809224319,-1.0,-1.0,-1.0
915,medianEntropy > 2.69,0.248,0.7891304347826087,1.0,1.0,1.0
916,meanEntropy <= 2.68,0.5021,0.8345221112696148,1.0,1.0,-1.0
917,medianEntropy <= 2.68,0.4989,0.83125,-1.0,-1.0,-1.0
918,medianEntropy <= 2.68,0.5003,0.8021978021978022,-1.0,-1.0,1.0
919,medianEntropy > 2.68,0.4922,0.6800382043935053,1.0,1.0,1.0
920,medianEntropy <= 2.65,0.2506,0.9301397205588823,-1.0,-1.0,-1.0
921,medianEntropy > 2.69,0.2445,0.7971403038427167,1.0,1.0,1.0
922,medianEntropy <= 2.68,0.4967,0.8096357226792009,-1.0,-1.0,1.0
923,medianEntropy > 2.68,0.4943,0.670926517571885,1.0,1.0,1.0
924,meanEntropy <= 2.66,0.2445,0.9144079885877318,-1.0,-1.0,-1.0
925,medianEntropy > 2.68,0.4986,0.6967370441458733,1.0,1.0,-1.0
926,medianEntropy <= 2.68,0.5022,0.7960057061340942,-1.0,-1.0,-1.0
927,medianEntropy > 2.68,0.5029,0.6454497632824829,1.0,1.0,1.0
928,meanEntropy > 2.69,0.2497,0.7765881513204854,1.0,1.0,1.0
929,medianEntropy <= 2.68,0.502,0.8271728271728271,-1.0,-1.0,-1.0
930,meanEntropy > 2.68,0.4934,0.6683316683316683,1.0,1.0,1.0
931,medianEntropy > 2.69,0.2438,0.796976241900648,1.0,1.0,1.0
932,medianEntropy > 2.69,0.2474,0.8045112781954887,1.0,1.0,1.0
933,medianEntropy <= 2.65,0.2472,0.9573170731707317,-1.0,-1.0,-1.0
934,medianEntropy <= 2.68,0.4981,0.8253223915592028,-1.0,-1.0,1.0
935,meanEntropy <= 2.68,0.498,0.821917808219178,-1.0,-1.0,-1.0
936,medianEntropy > 2.68,0.5048,0.6455696202531646,1.0,1.0,1.0
937,meanEntropy > 2.68,0.4928,0.6713286713286714,1.0,1.0,-1.0
938,medianEntropy > 2.69,0.2434,0.7874659400544959,1.0,1.0,1.0
939,medianEntropy <= 2.68,0.5041,0.8190224570673712,-1.0,-1.0,1.0
940,medianEntropy > 2.68,0.5003,0.6318216756341276,1.0,1.0,1.0
941,medianEntropy <= 2.65,0.2519,0.9316037735849056,-1.0,-1.0,-1.0
942,medianEntropy <= 2.65,0.247,0.9301745635910225,-1.0,-1.0,-1.0
943,medianEntropy > 2.69,0.2534,0.8244111349036403,1.0,1.0,1.0
944,meanEntropy > 2.69,0.2552,0.7769145394006659,1.0,1.0,1.0
945,medianEntropy > 2.69,0.2555,0.7966101694915254,1.0,1.0,1.0
946,medianEntropy > 2.68,0.5101,0.6702536510376633,1.0,1.0,1.0
947,medianEntropy <= 2.65,0.2512,0.9301745635910225,-1.0,-1.0,-1.0
948,medianEntropy > 2.68,0.489,0.6630434782608695,1.0,1.0,-1.0
949,medianEntropy > 2.69,0.2544,0.7852147852147852,1.0,1.0,1.0
950,meanEntropy <= 2.66,0.2454,0.9263657957244655,-1.0,-1.0,-1.0
951,medianEntropy > 2.68,0.5084,0.6679477325134512,1.0,1.0,1.0
952,meanEntropy > 2.69,0.252,0.7824639289678136,1.0,1.0,1.0
953,meanEntropy <= 2.66,0.247,0.9656652360515021,-1.0,-1.0,-1.0
954,medianEntropy > 2.68,0.5038,0.6627810158201499,1.0,1.0,1.0
955,medianEntropy <= 2.65,0.2458,0.9326683291770573,-1.0,-1.0,-1.0
956,meanEntropy > 2.68,0.5104,0.6525896414342629,1.0,1.0,1.0
957,meanEntropy <= 2.68,0.4969,0.81169757489301,-1.0,-1.0,1.0
958,medianEntropy > 2.69,0.2423,0.7862016679302501,1.0,1.0,1.0
959,meanEntropy <= 2.66,0.2422,0.9388379204892966,-1.0,-1.0,-1.0
960,meanEntropy <= 2.68,0.5048,0.8089887640449438,-1.0,-1.0,-1.0
961,medianEntropy <= 2.68,0.5051,0.8293010752688172,-1.0,-1.0,1.0
962,medianEntropy > 2.69,0.2422,0.8005836575875487,1.0,1.0,1.0
963,medianEntropy > 2.69,0.2467,0.8041125541125541,1.0,1.0,1.0
964,medianEntropy > 2.69,0.2546,0.7917808219178082,1.0,1.0,1.0
965,meanEntropy > 2.68,0.4963,0.6752029981261711,1.0,1.0,-1.0
966,meanEntropy > 2.69,0.255,0.7978208232445521,1.0,1.0,1.0
967,medianEntropy > 2.68,0.4983,0.6595289079229122,1.0,1.0,1.0
968,medianEntropy <= 2.68,0.4919,0.8170347003154574,-1.0,-1.0,-1.0
969,medianEntropy > 2.68,0.4886,0.6570226196738559,1.0,1.0,1.0
970,medianEntropy <= 2.65,0.2544,0.9351620947630923,-1.0,-1.0,-1.0
971,meanEntropy <= 2.68,0.5006,0.8229043683589138,-1.0,-1.0,1.0
972,meanEntropy <= 2.66,0.2559,0.9351620947630923,-1.0,-1.0,-1.0
973,medianEntropy <= 2.65,0.248,0.9181636726546906,-1.0,-1.0,-1.0
974,medianEntropy <= 2.68,0.5024,0.8091908091908092,-1.0,-1.0,1.0
975,meanEntropy <= 2.68,0.4934,0.8382526564344747,-1.0,-1.0,1.0
976,meanEntropy > 2.68,0.5005,0.6847619047619048,1.0,1.0,1.0
977,medianEntropy > 2.68,0.4997,0.6488222698072805,1.0,1.0,-1.0
978,medianEntropy <= 2.65,0.251,0.944954128440367,-1.0,-1.0,-1.0
979,medianEntropy <= 2.65,0.2501,0.9420731707317073,-1.0,-1.0,1.0
980,medianEntropy <= 2.68,0.4983,0.8051623646960866,-1.0,-1.0,-1.0
981,meanEntropy <= 2.68,0.4979,0.8164794007490637,-1.0,-1.0,1.0
982,meanEntropy <= 2.68,0.5064,0.8348868175765646,-1.0,-1.0,-1.0
983,meanEntropy <= 2.68,0.5018,0.8292108362779741,-1.0,-1.0,1.0
984,medianEntropy > 2.69,0.2565,0.8084066471163245,1.0,1.0,1.0
985,medianEntropy <= 2.68,0.4979,0.8065395095367848,-1.0,-1.0,-1.0
986,medianEntropy <= 2.65,0.2489,0.9281437125748503,-1.0,-1.0,-1.0
987,medianEntropy <= 2.69,0.7506,0.5951686797167847,1.0,1.0,-1.0
988,medianEntropy > 2.68,0.4952,0.6623018607856651,1.0,1.0,1.0
989,meanEntropy <= 2.66,0.2497,0.946843853820598,-1.0,-1.0,-1.0
990,meanEntropy <= 2.69,0.7471,0.5892053973013494,1.0,1.0,1.0
991,medianEntropy <= 2.65,0.2597,0.9301745635910225,-1.0,-1.0,-1.0
992,medianEntropy <= 2.68,0.497,0.8081918081918081,-1.0,-1.0,1.0
993,medianEntropy <= 2.65,0.2509,0.96,-1.0,-1.0,1.0
994,meanEntropy <= 2.68,0.5018,0.8121878121878122,-1.0,-1.0,1.0
995,meanEntropy <= 2.66,0.2464,0.9161490683229814,-1.0,-1.0,-1.0
996,meanEntropy <= 2.68,0.4966,0.8202115158636898,1.0,1.0,-1.0
997,medianEntropy <= 2.69,0.7463,0.6045197740112994,1.0,1.0,1.0
998,medianEntropy > 2.69,0.2423,0.7872127872127872,1.0,1.0,1.0
999,meanEntropy > 2.68,0.4933,0.6865079365079365,1.0,1.0,1.0
